StartDate	EndDate	Status	IPAddress	Progress	Duration (in seconds)	Finished	RecordedDate	ResponseId	RecipientLastName	RecipientFirstName	RecipientEmail	ExternalReference	LocationLatitude	LocationLongitude	DistributionChannel	UserLanguage	Q1	Q3	Q4	Q5	Q6	Q7	Q8	Q9	Q10	Q12_1	Q12_2	Q12_3	Q12_4	Q12_5	Q12_6	Q12_7	Q14_1	Q14_2	Q14_3	Q14_4	Q14_5	Q14_6	Q14_7	Q15_1	Q15_2	Q15_3	Q15_4	Q15_5	Q15_6	Q15_7	Q16_1	Q16_2	Q16_3	Q16_4	Q16_5	Q16_6	Q16_7	Q17_1	Q17_2	Q17_3	Q17_4	Q17_5	Q17_6	Q17_7	Q18_1	Q18_2	Q18_3	Q18_4	Q18_5	Q18_6	Q18_7	Q19_1	Q19_2	Q19_3	Q19_4	Q19_5	Q19_6	Q19_7	Q20_1	Q20_2	Q20_3	Q20_4	Q20_5	Q20_6	Q20_7	Q21_1	Q21_2	Q21_3	Q21_4	Q21_5	Q21_6	Q21_7	Q22_1	Q22_2	Q22_3	Q22_4	Q22_5	Q22_6	Q22_7	Q23_1	Q23_2	Q23_3	Q23_4	Q23_5	Q23_6	Q23_7	Q24_1	Q24_2	Q24_3	Q24_4	Q24_5	Q24_6	Q24_7	Q25_1	Q25_2	Q25_3	Q25_4	Q25_5	Q25_6	Q25_7	Q26_1	Q26_2	Q26_3	Q26_4	Q26_5	Q26_6	Q26_7	Q27_1	Q27_2	Q27_3	Q27_4	Q27_5	Q27_6	Q27_7
2019-05-10 10:44:03	2019-05-10 10:54:31	0	151.49.102.8	100	628	1	2019-05-10 10:54:31	R_2zBKHnkPpp1VJNQ					45.437103271484375	12.33270263671875	anonymous	EN-GB	1	26	2	107	4	Classical	35	Piano	13	16	15	15	15	15	15	15	6	4	1	1	3	1	1	1	3	6	1	3	3	4	1	6	4	1	1	3	1	3	1	1	5	4	5	3	1	1	4	3	5	6	3	3	1	1	4	4	4	1	4	3	4	3	3	4	4	5	3	1	1	3	5	1	3	3	5	1	1	4	4	4	6	5	1	1	6	1	3	1	3	3	4	4	1	3	3	5	4	5	5	4	1	3	6	1	1	4	3	3	1	6	1	3	5	4
2019-05-10 10:42:42	2019-05-10 11:27:42	0	129.234.21.185	100	2700	1	2019-05-10 11:27:44	R_1NERfgwV6F9lmUM					54.768402099609375	-1.5630950927734375	anonymous	EN-GB	1	22	1	185	1	Indie Pop	36			19	16	15	15	15	15	15	6	1	1	1	3	1	1	1	5	6	1	1	1	1	3	4	1	1	1	1	1	1	1	1	6	3	3	1	1	1	1	1	3	5	1	1	1	3	1	1	4	3	4	5	1	1	1	1	4	1	3	3	1	1	3	1	1	3	6	1	1	1	3	1	5	1	1	1	3	1	1	1	1	3	1	6	1	1	1	1	1	6	1	1	1	1	1	3	1	4	1	1	1	6	1	1	1	3
2019-05-10 11:48:53	2019-05-10 12:04:15	0	86.142.18.72	100	922	1	2019-05-10 12:04:16	R_3Get29azuhuBYBo					54.0001068115234375	-1.535003662109375	anonymous	EN-GB	1	55	2	185	6	Classical	35	"Piano, flute, voice, violin "	50	19	17	15	15	15	15	15	5	4	1	1	1	1	3	1	3	6	1	1	5	3	3	6	3	1	1	1	1	1	1	1	4	3	6	3	3	1	1	6	4	5	4	1	1	3	4	1	5	1	3	3	3	4	3	6	5	6	5	1	1	1	4	1	1	3	5	3	1	5	3	1	5	4	1	1	4	1	4	3	1	3	5	4	4	4	4	3	1	6	4	3	1	4	5	1	1	4	1	3	1	1	1	1	5	6
2019-05-10 12:03:38	2019-05-10 12:16:50	0	46.11.15.23	100	792	1	2019-05-10 12:16:51	R_1Nq85TjkfpR1JBc					35.87359619140625	14.506103515625	anonymous	EN-GB	1	29	2	107	2	Pop	36			18	15	15	16	16	15	15	4	4	1	3	3	1	1	1	1	6	1	1	6	3	1	6	3	1	1	1	1	3	4	1	4	4	1	1	1	3	1	1	3	1	1	1	1	4	1	1	5	4	3	5	3	1	1	4	1	6	4	1	3	4	1	1	1	1	6	1	1	5	4	1	6	3	1	1	3	1	3	1	1	4	5	1	1	1	4	4	1	1	4	3	1	4	3	1	1	3	3	1	3	4	1	1	4	4
2019-05-10 10:41:13	2019-05-10 12:20:37	0	129.234.80.183	100	5963	1	2019-05-10 12:20:37	R_27J6jveY6gZDSZG					54.768402099609375	-1.5630950927734375	anonymous	EN-GB	1	26	2	9	5	pop	35	piano	22	18	18	16	15	15	15	15	6	6	3	3	1	1	1	1	1	6	1	1	5	6	5	5	4	1	1	3	3	4	4	1	5	5	6	6	4	1	1	6	6	5	6	1	1	1	5	5	5	5	5	3	3	3	4	5	5	5	5	3	3	4	3	5	1	3	5	3	1	5	5	5	5	4	3	3	4	1	5	1	5	5	5	5	5	4	3	3	5	5	5	6	5	4	3	4	3	1	4	4	1	5	4	1	5	6
2019-05-10 12:11:45	2019-05-10 12:36:46	0	185.12.136.196	100	1500	1	2019-05-10 12:36:46	R_3Eig9x3XTTXf5tu					51.737701416015625	-1.2053985595703125	anonymous	EN-GB	1	36	1	185	2	Indie pop	36			16	15	15	15	16	15	16	5	3	1	1	1	1	1	1	1	6	1	1	1	1	1	4	1	1	1	1	1	1	1	1	4	6	3	1	1	1	1	1	4	1	5	1	1	1	1	3	1	3	3	1	1	1	3	3	3	5	3	1	1	1	1	1	1	1	5	1	1	3	3	3	1	3	1	1	1	1	1	1	1	1	4	1	3	1	1	1	1	3	3	3	1	3	5	1	1	1	1	1	1	5	1	1	4	1
2019-05-10 12:17:56	2019-05-10 12:46:06	0	46.11.15.23	100	1689	1	2019-05-10 12:46:06	R_3nGZvvDqLD60WBB					35.87359619140625	14.506103515625	anonymous	EN-GB	1	61	2	107	2	Movie soundtracks	36			15	19	16	15	15	15	15	6	3	1	1	3	1	1	1	5	5	1	1	4	3	3	5	3	1	1	1	1	5	1	1	3	3	1	1	1	1	1	3	3	1	3	1	1	5	1	3	3	3	3	1	1	1	3	1	1	5	5	1	1	3	1	1	1	1	5	1	1	5	5	3	1	3	1	1	3	3	3	1	3	1	3	1	1	3	1	1	3	3	1	1	1	3	3	1	1	3	3	1	1	5	1	1	5	4
2019-05-10 13:00:55	2019-05-10 13:12:44	0	46.11.15.23	100	709	1	2019-05-10 13:12:45	R_1oA0kVudXfRAhVl					35.87359619140625	14.506103515625	anonymous	EN-GB	1	30	1	107	2	House	36			16	17	16	15	15	15	15	6	4	1	1	4	1	4	1	4	6	1	1	4	3	5	5	3	1	3	3	3	1	3	3	1	3	3	4	1	3	4	1	3	3	3	1	3	4	1	1	4	3	3	3	4	1	3	3	3	5	3	1	3	4	1	4	1	1	6	1	1	5	3	3	5	4	1	3	3	3	3	3	1	1	4	3	6	4	4	1	1	3	3	3	3	5	4	1	3	4	4	1	3	5	1	1	5	4
2019-05-10 13:02:46	2019-05-10 13:20:53	0	195.158.82.3	100	1086	1	2019-05-10 13:20:53	R_2TAak5aJhe1f44U					35.912506103515625	14.502197265625	anonymous	EN-GB	1	33	1	107	1	Hiphop	36			17	16	15	15	15	16	16	5	1	1	1	1	1	1	1	1	5	1	1	3	4	1	3	3	1	1	3	4	1	1	1	4	4	1	1	1	1	1	3	3	4	3	1	1	5	1	1	5	4	1	3	4	1	1	3	4	3	4	1	1	1	1	1	1	1	5	1	1	1	1	1	3	5	1	1	1	1	1	1	1	1	3	3	4	1	1	1	1	1	4	4	1	3	4	1	1	1	4	1	1	4	1	1	3	4
2019-05-10 15:15:31	2019-05-10 15:30:25	0	217.30.100.196	100	894	1	2019-05-10 15:30:25	R_32Jzj8ZuUHVBnfc					35.8791961669921875	14.466705322265625	anonymous	EN-GB	1	27	2	107	2	Pop, Soft rock	35	"Singing. "	15	18	16	15	16	17	15	15	5	3	1	1	3	5	1	1	4	6	1	1	1	5	5	5	3	1	1	1	1	1	1	1	6	6	6	5	1	1	4	4	5	6	6	1	1	5	5	3	5	5	5	4	1	5	3	5	5	6	1	1	1	4	4	1	1	4	5	1	1	5	6	3	3	4	1	1	4	4	1	1	3	4	6	5	4	5	5	1	1	4	5	5	1	4	4	1	1	4	5	1	1	5	1	4	5	5
2019-05-10 15:45:12	2019-05-10 15:56:19	0	129.234.0.18	100	666	1	2019-05-10 15:56:21	R_71FR6PYA77V9Qqt					54.768402099609375	-1.5630950927734375	anonymous	EN-GB	1	36	1	67	5	70s-80s Metal, Jazz, Classical	35	Piano, Tzouras, Voice	Piano (10+), Touras (2), Voice (3)	19	18	15	17	16	15	15	6	5	1	1	1	1	1	1	3	6	1	1	1	4	4	6	4	1	1	1	1	3	1	1	5	3	6	1	3	1	1	4	3	6	1	4	1	1	5	1	6	1	4	1	1	4	3	1	5	6	5	1	1	1	1	1	1	1	6	4	1	1	1	3	5	4	1	1	1	1	4	1	1	5	3	6	1	3	1	1	6	3	5	1	3	3	6	1	1	1	3	1	1	5	1	1	1	4
2019-05-10 16:01:50	2019-05-10 16:11:20	0	129.234.0.19	100	569	1	2019-05-10 16:11:20	R_1pG1EcJrM2kvZt3					54.768402099609375	-1.5630950927734375	anonymous	EN-GB	1	22	1	185	4	Jazz	35	Piano	16	18	17	15	15	15	16	15	5	4	1	1	1	1	1	1	3	4	1	1	1	3	3	5	3	1	1	1	1	3	1	1	4	3	3	1	3	1	1	5	4	3	3	3	1	3	1	3	1	3	4	3	1	3	1	3	3	5	4	1	1	3	1	1	1	3	4	1	1	3	3	1	4	3	1	1	1	1	3	1	1	4	3	3	1	4	3	1	4	3	1	1	1	3	4	1	1	1	3	1	1	4	1	1	3	3
2019-05-10 16:21:06	2019-05-10 16:40:42	0	148.252.129.63	100	1175	1	2019-05-10 16:40:44	R_DcxYKWen9x4EjTz					51.49639892578125	-0.122406005859375	anonymous	EN-GB	1	22	2	151	3	Pop, Rock, RnB, Classical	35	Piano and violin	10+	19	16	15	16	15	17	15	6	4	1	4	3	3	1	1	1	6	1	1	4	3	3	6	4	1	1	1	1	1	1	1	6	4	6	1	1	1	3	5	5	4	1	1	1	3	5	4	6	4	4	3	1	3	3	5	4	5	3	1	6	1	4	1	1	1	5	1	1	4	4	4	5	3	1	1	1	1	1	4	1	4	5	3	1	3	3	1	4	5	3	1	1	3	5	1	1	5	1	1	1	5	1	1	4	5
2019-05-10 16:59:58	2019-05-10 17:11:49	0	129.234.0.23	100	710	1	2019-05-10 17:11:49	R_Qh5JPn4mOxex1Sh					54.768402099609375	-1.5630950927734375	anonymous	EN-GB	1	19	2	185	4	Pop, classical vocal music	35	Singing, oboe, sax, piano	13	17	17	15	16	15	16	15	5	3	1	1	1	3	1	1	1	5	1	1	1	1	1	6	4	1	1	1	1	3	1	1	5	5	4	3	4	1	1	5	6	5	5	1	1	5	3	3	4	1	3	1	1	3	3	4	5	4	3	1	3	3	6	1	1	1	5	1	1	1	1	1	3	5	3	1	5	1	1	1	1	5	6	4	4	3	1	1	4	6	5	1	1	1	6	1	1	3	1	1	1	6	1	1	3	4
2019-05-10 18:45:09	2019-05-10 19:25:05	0	92.251.63.8	100	2396	1	2019-05-10 19:25:06	R_1I5xbzTRu2MTf3Z					35.912506103515625	14.502197265625	anonymous	EN-GB	1	59	2	107	4	piano	35	piano	11	19	18	15	15	15	15	15	6	4	1	1	1	1	1	1	1	6	1	1	4	1	3	6	1	1	1	1	1	1	1	1	6	5	4	1	1	1	1	4	4	6	3	1	1	3	1	3	6	3	1	3	3	1	1	5	6	6	4	1	1	1	1	1	1	1	6	1	1	5	3	1	6	1	1	1	4	1	1	1	1	3	6	3	1	1	1	1	4	6	4	1	1	3	4	1	1	3	6	1	1	5	1	1	5	6
2019-05-11 08:21:17	2019-05-11 08:35:27	0	46.11.23.169	100	849	1	2019-05-11 08:35:27	R_3oOaCKdmHt2leuv					35.891693115234375	14.4319000244140625	anonymous	EN-GB	1	50	2	107	2	Mix	36			15	18	17	15	15	15	15	5	3	1	1	1	1	1	1	3	5	1	1	4	3	5	4	1	1	1	1	1	1	1	1	4	3	4	1	1	1	1	4	3	4	1	1	1	4	1	1	3	1	1	3	5	1	1	4	3	5	3	1	1	1	3	1	1	3	5	1	1	5	3	4	4	1	1	1	4	1	1	3	1	4	3	4	1	1	3	3	3	3	3	3	1	5	3	1	1	1	1	1	1	3	1	1	4	3
2019-05-11 12:02:55	2019-05-11 12:13:29	0	129.234.0.24	100	634	1	2019-05-11 12:13:29	R_AB8mLbBrwIyvhRv					54.768402099609375	-1.5630950927734375	anonymous	EN-GB	1	21	1	185	5	"No single genre preference "	35	Piano, Singing	15	19	17	15	15	15	16	15	6	4	1	1	1	1	1	1	1	5	1	1	1	1	1	6	3	1	1	1	1	1	1	1	3	1	5	1	1	1	1	5	1	4	4	3	1	1	5	1	1	1	5	1	1	3	1	3	4	5	3	1	1	1	1	1	1	1	6	1	1	1	1	1	3	1	1	1	1	1	1	1	1	3	1	6	1	1	1	1	3	4	5	1	1	3	4	1	1	1	1	1	1	6	1	1	1	4
2019-05-11 12:04:51	2019-05-11 12:20:07	0	188.29.165.74	100	915	1	2019-05-11 12:20:08	R_2EAzZVeUVRJcL6R					51.5088043212890625	-0.126007080078125	anonymous	EN-GB	1	31	1	185	3	Alternative rock	35	Singing; guitar; piano	0	18	17	15	16	16	17	15	6	4	1	3	3	5	1	1	3	6	1	1	1	1	4	5	5	1	1	3	1	3	1	3	4	5	5	4	1	4	4	4	3	6	5	1	1	4	4	4	5	5	3	1	3	3	3	3	5	6	4	1	1	1	3	1	1	1	5	1	1	3	4	4	5	3	1	1	3	1	3	1	1	3	6	4	3	3	4	3	3	4	6	1	3	5	5	1	1	4	1	1	1	6	1	1	5	5
2019-05-11 17:18:08	2019-05-11 17:32:40	0	213.165.184.213	100	872	1	2019-05-11 17:32:41	R_3rNbC3KfyQP52iS					35.8791961669921875	14.466705322265625	anonymous	EN-GB	1	28	1	107	2	Rap, Rock	36			19	15	15	15	15	15	15	6	3	1	1	1	1	1	1	3	6	1	1	1	1	1	6	3	1	1	1	1	1	1	1	6	1	4	1	1	1	1	6	3	4	1	1	1	1	6	1	4	1	1	1	1	1	1	1	6	6	1	1	1	1	1	1	1	3	6	1	1	1	1	1	6	3	1	1	1	1	1	1	1	3	6	1	1	1	1	1	1	6	3	1	1	1	3	1	1	6	1	1	1	1	1	1	1	6
2019-05-11 20:04:48	2019-05-11 20:26:57	0	213.165.184.213	100	1328	1	2019-05-11 20:26:58	R_cGxWGUVejKemY9j					35.8791961669921875	14.466705322265625	anonymous	EN-GB	1	61	2	107	2	romantic	36			15	17	15	15	15	15	16	6	5	1	1	1	1	3	1	1	6	1	1	3	5	4	6	3	1	1	1	1	1	1	1	6	5	5	4	1	1	1	5	6	5	3	1	1	4	6	5	6	4	1	3	4	1	1	3	3	6	5	1	1	3	1	1	1	1	3	1	1	6	5	3	3	4	1	1	1	3	1	1	3	5	4	6	3	3	4	3	1	1	1	6	1	1	1	3	6	3	5	1	1	6	1	1	3	5
2019-05-11 20:39:49	2019-05-11 20:49:44	0	213.217.212.121	100	595	1	2019-05-11 20:49:46	R_Wv8uagyCQojPBSx					35.8311004638671875	14.4741973876953125	anonymous	EN-GB	1	35	1	107	2	Trance	36			19	16	15	15	15	15	15	6	1	1	1	3	1	1	1	1	4	1	1	1	1	1	4	3	1	1	1	3	1	1	1	3	3	5	1	1	1	1	3	1	5	3	1	1	3	1	1	4	1	1	1	3	1	1	4	4	4	3	1	1	1	1	1	1	1	5	1	1	1	1	1	4	3	1	1	1	1	1	1	1	4	3	3	1	1	1	1	3	3	1	3	1	3	4	1	1	3	3	1	1	4	1	1	1	3
2019-05-11 20:53:18	2019-05-11 21:02:11	0	213.217.212.121	100	532	1	2019-05-11 21:02:11	R_2wS8W47TmwMouQc					35.8311004638671875	14.4741973876953125	anonymous	EN-GB	1	34	2	107	1	Pop	36			19	16	15	15	16	15	15	6	3	1	1	1	1	1	1	1	6	1	1	1	3	1	6	3	1	1	1	1	1	1	1	1	6	1	1	1	1	1	1	6	1	4	1	1	1	1	3	3	6	1	3	4	1	1	1	6	6	1	1	1	1	1	1	1	4	6	1	1	1	1	1	3	4	1	1	4	1	1	1	1	1	6	1	1	1	1	1	1	6	3	3	1	6	3	1	1	1	1	1	6	4	1	1	1	3
2019-05-11 23:38:30	2019-05-11 23:48:56	0	80.44.212.116	100	626	1	2019-05-11 23:48:57	R_2E4Vil1jTuWyOf3					54.899993896484375	-1.516693115234375	anonymous	EN-GB	1	22	2	61	3	Classical	35	Singing	4	18	17	15	15	15	15	15	5	5	1	1	1	1	1	1	1	4	1	1	3	3	3	5	3	1	1	1	1	4	1	1	5	3	4	4	1	1	1	4	5	1	1	1	1	3	1	1	5	5	4	1	3	4	1	5	1	5	4	1	3	1	1	1	1	1	6	1	1	1	1	1	5	4	1	1	4	1	1	1	1	3	3	4	4	3	1	1	4	5	4	4	1	1	3	1	1	4	1	1	1	5	1	1	4	4
2019-05-12 10:54:46	2019-05-12 11:16:40	0	213.165.184.213	100	1314	1	2019-05-12 11:16:42	R_5vGNWqPvm3J48Jb					35.8791961669921875	14.466705322265625	anonymous	EN-GB	1	64	1	107	2	rock	36			17	15	15	15	15	15	15	6	3	1	1	1	1	1	1	1	6	1	1	3	1	1	6	3	1	1	1	1	1	1	1	4	6	3	1	3	1	1	3	5	3	1	1	1	1	1	1	4	1	3	3	1	1	1	1	3	5	3	1	1	1	1	1	1	1	3	1	1	1	1	1	1	1	3	4	1	4	1	1	1	3	1	5	1	4	3	1	1	3	1	1	1	1	1	3	1	1	3	1	1	1	4	1	1	1
2019-05-12 19:43:05	2019-05-12 19:55:41	0	92.251.83.109	100	755	1	2019-05-12 19:55:41	R_2Cy3ppsvfyytXtp					35.8972015380859375	14.465301513671875	anonymous	EN-GB	1	55	2	107	2	classical	36			19	15	15	15	15	15	15	6	1	1	1	1	1	1	1	1	1	1	1	1	1	6	1	1	1	1	1	1	1	1	1	1	6	1	1	1	1	1	1	5	1	1	1	1	1	6	1	1	1	1	1	1	1	6	1	1	6	1	1	1	1	1	1	1	1	1	1	1	6	1	1	6	1	1	1	1	1	1	1	1	1	1	6	1	1	1	1	1	6	1	1	1	1	1	1	1	1	1	1	1	1	1	1	1	6
2019-05-13 07:42:55	2019-05-13 07:54:06	0	95.237.17.189	100	670	1	2019-05-13 07:54:07	R_OHgn5pa80QzisQV					40.851898193359375	14.478302001953125	anonymous	EN-GB	1	55	2	84	1	Pop	36			16	17	15	15	15	15	15	4	3	1	1	1	1	1	1	1	5	1	1	3	3	1	3	3	1	1	4	1	1	1	3	4	4	4	3	1	1	3	4	3	3	3	1	1	3	3	3	3	1	3	1	3	3	3	4	3	3	4	1	1	1	3	1	1	1	4	1	1	4	1	3	3	1	1	1	3	3	1	1	1	3	4	3	1	3	3	1	3	3	4	1	3	1	1	3	3	4	1	1	1	3	3	1	4	1
2019-05-13 10:47:03	2019-05-13 11:22:01	0	49.231.30.16	100	2097	1	2019-05-13 11:22:03	R_3sBbOoEnxM41TEi					16.8332977294921875	100.25	anonymous	EN-GB	1	22	1	172	4	Pop	35	Trumpet	3	18	15	15	16	17	15	15	6	3	1	1	3	1	1	1	4	6	1	1	1	3	1	6	1	1	1	1	1	1	1	1	5	4	1	3	4	1	1	3	4	1	4	1	1	1	1	1	3	3	1	1	1	3	1	5	1	6	3	1	1	1	1	1	1	4	6	1	1	3	3	1	6	4	1	1	4	1	1	1	1	1	3	3	5	4	1	1	4	5	1	1	1	4	3	1	1	5	1	1	4	5	1	1	1	3
2019-05-13 19:01:50	2019-05-13 19:28:11	0	78.133.35.24	100	1581	1	2019-05-13 19:28:13	R_3hoJqrOZzZGbJ4H					35.86669921875	14.5131072998046875	anonymous	EN-GB	1	58	2	107	2	classic	36			15	19	15	15	15	15	15	6	3	1	1	1	1	1	1	1	6	1	1	1	1	1	6	1	1	1	1	1	1	1	1	3	3	6	1	1	1	1	5	6	1	1	1	1	1	6	4	1	1	1	1	1	1	1	1	6	5	6	1	1	1	1	1	1	1	4	1	1	1	6	1	6	3	1	1	1	1	1	1	1	1	6	1	1	1	1	1	1	6	1	1	1	1	6	1	1	1	1	1	1	3	1	1	1	6
2019-05-13 20:12:54	2019-05-13 20:21:16	0	92.251.68.215	100	501	1	2019-05-13 20:21:16	R_234wB420KWoBBiL					35.891693115234375	14.4319000244140625	anonymous	EN-GB	1	19	2	107	3	Rock	35	Piano	3	19	15	15	16	15	15	15	6	3	1	3	1	1	1	1	1	6	1	1	1	5	1	6	5	1	1	1	1	3	1	1	6	3	5	3	1	1	1	3	1	3	5	1	1	1	6	3	5	4	3	1	3	4	4	5	5	4	3	1	1	4	5	1	1	1	6	1	1	1	1	1	6	3	1	1	1	1	1	1	1	4	6	5	1	3	1	1	3	6	1	3	1	1	5	1	1	1	6	1	1	5	1	1	1	6
2019-05-14 12:26:09	2019-05-14 12:38:13	0	213.137.3.191	100	723	1	2019-05-14 12:38:15	R_2qBKoZJfIcGDoQc					54.1475067138671875	-4.4824981689453125	anonymous	EN-GB	1	25	1	185	4	Classical	35	Piano	12	17	17	15	15	15	15	16	5	4	1	3	3	1	1	1	4	4	1	1	1	1	3	5	3	1	1	1	1	3	1	3	4	4	5	3	1	1	1	4	4	4	3	3	1	1	3	3	3	3	3	3	1	3	4	5	3	4	4	1	1	3	5	1	1	3	4	1	1	1	3	3	4	3	1	1	1	1	1	1	1	4	4	3	3	3	3	3	1	1	1	1	4	4	4	1	3	1	1	1	3	4	1	1	1	3
2019-05-15 12:24:48	2019-05-15 13:01:37	0	46.11.50.197	100	2208	1	2019-05-15 13:01:38	R_3qgPETkuwks3fIT					35.86669921875	14.5131072998046875	anonymous	EN-GB	1	61	2	107	2	classic	36			15	19	17	15	15	16	15	6	5	1	1	1	3	1	1	3	6	1	1	3	3	1	6	5	1	1	3	1	3	1	1	6	3	5	3	3	1	1	3	6	4	3	1	1	1	6	3	4	3	1	1	4	1	1	4	6	6	5	1	1	3	1	1	1	1	5	1	1	6	3	6	4	1	1	1	3	1	4	1	1	1	6	1	1	4	3	1	1	6	1	4	1	1	4	1	1	6	4	1	1	4	1	1	4	6
2019-05-22 11:05:30	2019-05-22 11:13:47	0	217.71.191.57	100	497	1	2019-05-22 11:13:48	R_3mm1c0v8PG0GOX9					35.9055938720703125	14.476104736328125	anonymous	EN-GB	1	27	2	107	2	Indie-folk, rock, pop	36			18	17	15	15	15	15	15	6	5	1	1	1	1	1	1	1	5	1	1	1	3	4	5	3	1	1	1	1	1	1	1	3	4	3	3	1	1	1	3	1	3	4	1	1	5	1	1	1	3	3	3	3	1	1	1	4	6	3	1	1	1	1	1	1	1	5	1	1	1	4	3	3	4	1	1	1	1	1	1	3	1	1	3	3	1	1	3	1	1	1	3	1	1	4	1	1	1	3	1	1	6	1	1	1	3
2019-05-23 20:58:57	2019-05-23 21:14:54	0	92.251.75.51	100	956	1	2019-05-23 21:14:55	R_vCxNbSHX9nnz1BL					35.912506103515625	14.502197265625	anonymous	EN-GB	1	47	2	107	2	"80s "	36			16	19	17	15	15	15	15	6	5	1	3	3	1	1	1	3	6	1	1	3	4	3	6	5	1	1	3	4	3	1	3	1	5	5	4	3	1	3	5	6	6	1	1	3	6	1	1	1	1	1	3	6	1	1	4	4	6	4	1	1	4	1	1	1	3	3	1	1	6	3	3	4	5	1	1	6	3	3	1	1	4	6	3	1	1	3	3	4	6	4	1	3	5	4	1	1	3	1	1	1	5	3	1	6	3
2019-05-23 21:26:04	2019-05-23 21:41:04	0	77.71.130.26	100	900	1	2019-05-23 21:41:06	R_ApuqG2w2ZnU1q8N					35.8903045654296875	14.4777984619140625	anonymous	EN-GB	1	59	2	107	2	soul, jazz, pop,dance, some rock	36			17	17	15	15	16	15	15	5	4	1	1	3	1	1	1	3	5	1	1	1	1	4	4	1	1	3	1	1	1	1	1	3	3	3	1	1	1	1	5	4	4	3	1	1	4	1	1	4	1	1	1	4	1	1	1	3	4	3	1	1	4	3	1	1	1	5	1	1	3	4	4	3	1	1	3	3	1	1	1	1	4	4	4	3	3	1	1	3	4	3	1	1	1	4	1	1	3	3	1	1	1	4	4	4	1
2019-05-23 21:55:02	2019-05-23 22:34:23	0	78.133.90.146	100	2360	1	2019-05-23 22:34:23	R_1Nxd6HdvNwqRWHw					35.9333038330078125	14.4375	anonymous	EN-GB	1	30	2	107	2	Soft rock	36			17	18	15	17	16	15	16	6	5	1	3	3	1	1	1	3	5	1	1	1	3	3	6	5	1	1	4	4	3	1	1	6	5	1	1	1	1	1	4	6	1	3	1	1	3	4	6	1	5	4	1	4	1	1	1	3	6	1	1	4	5	3	1	1	1	6	1	1	4	4	3	6	3	1	1	5	3	3	1	1	3	6	3	4	4	1	1	3	6	4	5	1	4	5	1	1	3	6	1	1	6	1	1	3	5
2019-05-24 11:56:17	2019-05-24 13:13:12	0	78.133.35.26	100	4614	1	2019-05-24 13:13:12	R_1ouLkTvc7V9r89G					35.86669921875	14.5131072998046875	anonymous	EN-GB	1	63	1	107	5	Rock and sound tracks	36			17	19	16	15	16	15	15	3	1	1	4	3	5	3	1	3	6	1	1	3	4	3	5	4	1	1	1	1	1	1	3	3	5	4	3	1	1	4	4	3	4	5	1	1	5	1	1	4	5	1	3	4	3	1	4	6	5	4	1	1	3	1	1	1	3	6	1	1	4	4	3	3	4	3	4	1	1	4	4	3	1	3	1	1	3	1	1	3	4	3	1	3	4	3	1	4	3	1	1	1	5	4	1	3	4
2019-05-25 07:16:56	2019-05-25 07:38:45	0	85.232.195.163	100	1309	1	2019-05-25 07:38:47	R_00yjaRw22JbTiOB					35.845001220703125	14.467498779296875	anonymous	EN-GB	1	68	2	107	2	any type of music	36			16	19	15	15	15	15	15	5	6	1	1	3	1	1	1	3	6	1	3	1	5	3	6	3	1	1	1	1	4	1	1	5	6	1	1	5	1	1	6	6	5	1	1	1	6	1	1	4	3	1	6	6	1	1	5	1	6	5	1	1	1	1	1	1	1	6	1	1	1	1	4	6	3	1	1	1	1	3	6	1	1	1	1	6	5	6	1	1	1	1	3	4	4	1	1	6	1	3	1	1	3	5	1	6	5
2019-05-25 22:31:21	2019-05-25 22:42:57	0	92.251.72.124	100	695	1	2019-05-25 22:42:58	R_1equr157J6q77t3					35.855804443359375	14.5330963134765625	anonymous	EN-GB	1	58	2	107	2	"classic and pop "	36			17	17	16	15	15	15	16	3	3	1	1	3	3	3	1	3	5	1	4	4	4	4	4	3	4	4	4	4	4	1	3	5	5	5	5	3	3	4	3	4	4	4	1	3	4	1	1	4	1	3	3	1	3	3	4	4	4	4	3	1	4	1	3	1	3	5	1	1	5	4	3	3	3	1	1	1	1	3	3	1	1	3	4	4	3	3	1	1	3	1	3	3	3	1	1	1	3	3	1	1	4	1	1	4	3
2019-05-26 17:19:41	2019-05-26 17:33:18	0	37.75.39.168	100	816	1	2019-05-26 17:33:18	R_3lrWbzzB5AlFX4E					35.8791961669921875	14.466705322265625	anonymous	EN-GB	1	51	2	107	2	jazz	36			17	18	15	15	15	15	15	6	4	1	1	1	1	1	1	3	6	1	1	1	1	1	6	4	1	1	1	1	1	1	1	5	4	6	1	1	1	1	6	5	5	1	1	1	1	1	3	6	5	1	1	1	1	1	3	3	6	5	1	1	1	1	1	1	1	6	1	1	3	4	1	6	4	1	1	1	1	1	1	1	1	6	1	1	3	1	1	3	3	3	1	1	4	6	1	1	1	1	1	1	4	1	1	5	3
2019-05-28 20:50:21	2019-05-28 21:34:03	0	173.79.65.206	100	2621	1	2019-05-28 21:34:03	R_1luajt69nPTGtzj					38.9994049072265625	-77.033599853515625	anonymous	EN-GB	1	71	1	187	4	Classical	35	bassoon, piano	55	18	17	15	15	15	15	15	6	5	1	1	3	1	1	1	1	6	1	1	1	3	3	6	1	1	1	1	1	1	1	1	5	6	5	4	1	1	1	4	3	6	3	1	1	1	4	4	6	1	1	1	1	4	4	6	4	6	5	1	1	3	1	1	1	1	5	1	1	1	6	1	6	3	1	1	1	1	1	1	1	3	6	5	1	5	6	1	1	3	1	1	1	1	3	1	3	1	1	1	1	4	1	1	3	6
2019-05-31 10:22:51	2019-05-31 10:36:46	0	129.234.103.170	100	835	1	2019-05-31 10:36:47	R_qUQmi7joSGVWZXz					54.768402099609375	-1.5630950927734375	anonymous	EN-GB	1	25	2	111	2	Rock	35	Drums	1	18	17	15	16	16	15	15	4	3	1	3	3	1	1	1	3	6	1	1	1	4	3	5	4	1	1	1	1	3	1	1	1	5	3	3	1	1	1	3	5	3	4	1	1	4	1	1	4	3	4	3	1	1	1	3	1	5	3	1	3	5	1	1	1	1	5	1	1	4	4	1	3	3	1	1	6	4	1	1	1	3	6	3	3	1	1	1	3	4	1	3	1	3	5	1	1	5	4	1	1	4	1	1	4	5
2019-05-31 13:06:54	2019-05-31 13:17:38	0	77.44.0.143	100	644	1	2019-05-31 13:17:39	R_2V7rxBnyUFimsFK					51.5406951904296875	-0.1963958740234375	anonymous	EN-GB	1	38	2	185	1	pop	36			17	16	15	15	15	15	15	6	3	1	1	3	1	1	1	3	4	1	1	3	1	5	6	1	1	1	1	1	4	1	1	6	5	4	1	1	1	1	5	6	3	3	1	1	3	3	1	3	1	5	1	1	3	3	3	4	6	4	1	1	1	1	1	1	1	6	1	1	4	3	4	4	3	1	1	1	1	3	1	1	5	6	4	1	6	4	1	3	3	1	1	1	5	3	1	1	1	1	1	1	5	1	1	3	6
2019-05-31 13:12:27	2019-05-31 13:19:38	0	81.147.55.39	100	430	1	2019-05-31 13:19:40	R_RtrpAbthOVc4puV					54.768402099609375	-1.5630950927734375	anonymous	EN-GB	1	19	2	61	2	"Pop, indie pop "	35	Drums	8	19	16	16	15	15	15	15	6	4	1	1	1	3	1	1	3	6	1	1	1	1	4	4	3	1	1	1	1	1	1	1	3	6	5	3	1	1	1	3	4	3	5	1	1	5	1	1	3	5	4	3	1	3	1	3	1	4	3	1	3	1	1	1	1	3	4	1	1	1	4	4	4	3	1	4	1	4	1	1	1	1	4	3	5	1	1	1	3	4	4	4	1	4	5	1	1	4	5	1	1	5	1	3	5	5
2019-05-31 13:05:49	2019-05-31 13:41:29	0	188.240.180.90	100	2140	1	2019-05-31 13:41:32	R_2tMq3HMfN0wIWH1					54.768402099609375	-1.5630950927734375	anonymous	EN-GB	1	29	2	185	3	"Easy listening "	35	Sing	3	16	17	15	15	15	15	16	5	4	1	3	1	1	1	1	3	4	1	1	1	1	4	5	3	1	1	5	1	1	1	1	3	4	1	1	1	1	1	5	1	4	3	3	1	1	1	1	4	3	3	3	3	1	1	4	3	3	1	1	3	5	3	1	1	3	4	1	1	4	1	1	3	4	1	1	3	1	1	1	1	3	4	1	1	1	1	3	1	3	1	1	3	3	3	1	1	3	4	1	1	4	1	1	4	3
2019-05-31 13:31:02	2019-05-31 13:44:47	0	129.234.0.31	100	824	1	2019-05-31 13:44:47	R_10SI3qI533Mfe2i					54.768402099609375	-1.5630950927734375	anonymous	EN-GB	1	20	1	104	2	EDM	36			18	15	15	16	16	15	15	5	4	1	1	3	1	1	1	1	5	1	1	1	3	1	6	3	1	1	1	1	1	1	1	5	3	4	1	1	1	1	4	4	3	1	1	1	3	3	1	4	1	3	3	1	3	3	1	3	3	3	1	4	3	1	1	1	3	5	1	1	1	1	3	4	3	1	1	1	1	1	1	1	4	3	4	1	1	1	1	3	4	3	1	1	3	5	1	1	4	3	1	3	4	1	1	4	3
2019-05-31 13:51:36	2019-05-31 14:13:15	0	129.234.0.25	100	1299	1	2019-05-31 14:13:16	R_6rOk1o3ezJLQnn3					54.768402099609375	-1.5630950927734375	anonymous	EN-GB	1	25	1	163	2	Blues, Jazz, Funk, Folk music	36			18	18	15	15	15	15	15	5	5	1	1	1	3	1	1	3	5	1	1	3	3	3	5	4	1	1	3	1	4	1	1	4	4	3	3	3	1	1	4	3	4	3	3	1	3	4	1	4	1	3	3	4	4	3	3	3	5	4	1	3	1	3	1	1	3	5	3	1	3	1	4	4	4	1	1	3	1	4	1	1	5	3	4	1	3	1	3	4	4	3	1	5	3	3	3	4	3	1	1	1	4	4	4	5	3
2019-05-31 14:07:32	2019-05-31 14:21:50	0	129.234.0.18	100	858	1	2019-05-31 14:21:50	R_1LkExWKCPVd2hTU					54.768402099609375	-1.5630950927734375	anonymous	EN-GB	1	18	2	185	3	Folk	35	Violin	9	18	16	15	15	17	15	15	6	4	1	3	4	1	1	1	4	5	1	3	3	4	5	6	5	1	1	3	1	1	1	1	6	3	5	3	4	1	3	5	6	4	3	1	1	3	3	4	1	5	4	3	3	1	4	1	4	6	4	1	1	4	3	3	1	3	5	1	3	4	6	5	6	3	1	3	3	3	3	1	1	4	5	3	3	3	1	1	4	6	4	3	3	3	3	3	4	1	3	1	1	3	1	1	1	4
2019-05-31 14:16:41	2019-05-31 14:32:16	0	90.219.233.167	100	934	1	2019-05-31 14:32:16	R_1fedIVuNFV5ax7D					54.899993896484375	-1.516693115234375	anonymous	EN-GB	1	23	2	185	3	"Folk "	35	Viola, singing	10	19	17	15	15	15	15	15	6	4	1	1	1	1	1	1	4	6	1	1	1	1	1	6	4	1	1	1	1	1	1	1	6	1	3	1	1	1	1	3	6	1	4	1	1	1	1	6	1	1	3	1	1	6	1	1	3	6	1	1	1	1	1	1	1	1	6	1	1	1	1	3	6	4	1	1	1	1	1	1	1	4	6	3	3	1	1	1	4	1	1	1	1	4	6	1	1	1	1	1	1	6	1	1	1	1
2019-05-31 14:54:10	2019-05-31 15:09:46	0	193.60.182.97	100	935	1	2019-05-31 15:09:48	R_21aN4mJ61a7ZcGh					54.768402099609375	-1.5630950927734375	anonymous	EN-GB	1	27	2	67	2	I don't have a preferred genre, but if I had to choose one it would be ballads.	35	Piano	4	18	19	15	15	16	15	15	6	6	1	1	1	1	1	1	4	6	1	1	6	1	3	6	4	1	1	3	1	4	1	1	1	4	5	1	4	1	1	4	3	5	1	1	1	6	1	1	6	1	4	1	3	3	1	5	1	6	6	1	1	1	1	1	1	1	6	1	1	6	1	1	5	4	1	1	4	1	3	1	1	1	5	5	5	4	3	1	1	3	4	1	1	3	5	1	1	5	1	1	1	5	1	1	5	1
2019-05-31 15:37:31	2019-05-31 15:48:26	0	151.226.70.47	100	655	1	2019-05-31 15:48:26	R_T02C7SCU76oXJgB					54.96209716796875	-1.6016998291015625	anonymous	EN-GB	1	22	2	185	3	"Pop "	35	Piano	10	17	17	16	15	16	15	15	5	3	1	1	3	4	1	1	3	6	1	1	3	3	3	4	3	1	1	1	1	1	1	1	4	4	4	3	1	1	3	4	4	4	3	1	1	4	3	3	4	3	3	3	1	1	3	3	3	5	3	1	1	3	1	1	1	3	5	1	1	3	3	1	5	3	1	1	3	1	3	1	1	3	5	5	3	3	1	1	3	6	4	1	1	3	4	1	1	4	3	1	1	5	1	1	5	3
2019-05-31 16:10:38	2019-05-31 16:28:33	0	86.31.249.172	100	1074	1	2019-05-31 16:28:33	R_2U5UzPGUELhaQ5f					55.00469970703125	-1.4727935791015625	anonymous	EN-GB	1	19	2	185	4	"Classical "	35	Singing, Piano and Guitar	12	18	16	15	15	17	15	15	6	4	1	1	3	1	1	1	4	6	1	1	4	5	3	5	4	1	1	3	3	1	1	1	4	4	5	6	1	1	1	4	3	6	5	1	1	1	1	1	4	4	3	1	1	3	5	3	3	6	4	1	1	5	1	1	1	3	6	1	1	3	3	3	5	5	1	1	1	1	1	1	1	4	3	6	5	6	1	1	4	4	5	5	3	1	3	3	5	1	6	1	3	6	1	1	4	3
2019-05-31 17:07:36	2019-05-31 17:21:17	0	46.208.247.137	100	820	1	2019-05-31 17:21:17	R_3iXuLBTYXYtG1Lx					54.768402099609375	-1.5630950927734375	anonymous	EN-GB	1	21	2	185	2	pop	35	flute	8	19	16	15	15	15	15	15	6	5	1	1	1	1	1	1	4	6	1	1	1	1	3	6	4	1	1	1	1	3	1	1	6	5	5	3	1	1	3	3	5	3	4	1	3	6	1	1	1	3	3	1	3	3	5	4	6	6	5	1	1	1	1	1	1	3	5	1	1	5	6	3	5	6	1	1	3	1	3	1	1	4	3	6	3	3	1	1	4	6	1	1	1	4	6	1	1	4	1	1	1	4	3	3	5	6
2019-05-31 13:16:07	2019-05-31 22:54:14	0	129.234.0.28	100	34686	1	2019-05-31 22:54:14	R_0q6g23hb94P2xLr					54.768402099609375	-1.5630950927734375	anonymous	EN-GB	1	21	2	185	2	Alt rock	36			18	15	15	15	16	15	15	6	1	1	1	3	1	1	1	3	5	1	1	1	1	1	6	3	1	1	1	1	1	1	1	5	5	4	1	1	1	1	3	5	1	5	1	1	1	1	4	1	3	1	1	1	3	6	1	4	3	1	1	1	1	4	1	1	1	6	1	1	1	3	1	4	5	1	1	3	3	1	1	1	3	5	4	1	3	1	1	1	3	5	1	1	3	4	1	1	1	1	1	1	5	1	1	1	4
2019-06-01 11:54:54	2019-06-01 12:04:10	0	79.70.164.93	100	556	1	2019-06-01 12:04:12	R_0ND7S0eJBcgnDSF					54.85479736328125	-1.5175018310546875	anonymous	EN-GB	1	44	2	185	3	punk	35	piano	6	15	16	16	15	15	15	15	1	3	1	1	1	1	1	1	1	1	1	1	1	1	4	1	1	3	1	1	1	1	1	1	1	1	4	4	1	1	1	1	3	4	4	1	1	1	1	1	1	4	1	3	1	1	1	1	3	4	3	1	1	1	3	1	1	1	1	1	1	4	4	1	4	3	1	1	1	1	1	1	1	1	4	1	3	4	1	1	1	1	3	1	1	1	1	1	1	3	3	1	1	3	1	1	1	1
2019-05-31 20:17:31	2019-06-01 15:03:32	0	129.234.0.24	100	67560	1	2019-06-01 15:03:32	R_2SjLVXgk04UI2VA					54.768402099609375	-1.5630950927734375	anonymous	EN-GB	1	19	1	172	1	Pop	35	Guitar	1	18	16	15	17	17	15	15	5	3	3	3	4	3	1	1	4	5	1	1	1	1	4	4	4	1	1	1	1	3	1	1	4	6	5	4	3	1	3	5	3	5	5	1	1	6	3	1	4	4	4	3	3	3	4	3	1	6	3	1	3	4	3	1	1	5	6	1	1	1	3	3	4	4	1	1	1	1	1	1	1	4	4	5	6	3	1	3	4	6	3	3	1	3	4	1	1	1	3	1	4	5	1	1	4	4
2019-06-01 14:55:31	2019-06-01 15:21:29	0	51.9.231.72	100	1558	1	2019-06-01 15:21:29	R_PGPaxqtQOjuDA09					54.768402099609375	-1.5630950927734375	anonymous	EN-GB	1	19	1	185	2	Rock	36			19	18	15	15	15	15	15	6	4	1	3	3	1	1	1	1	5	1	1	1	6	4	6	1	1	1	1	1	1	1	1	3	6	1	1	1	1	1	6	4	5	1	1	1	1	3	4	6	4	3	1	1	4	1	6	1	6	5	1	1	1	1	1	1	1	6	1	1	4	1	3	3	1	1	1	6	1	1	1	1	4	6	4	1	3	1	1	5	1	6	1	1	1	6	1	1	3	3	1	1	4	1	1	6	5
2019-06-02 11:20:33	2019-06-02 12:48:52	0	51.6.9.79	100	5298	1	2019-06-02 12:48:54	R_2zbwM4YlJmAcuqf					54.768402099609375	-1.5630950927734375	anonymous	EN-GB	1	19	2	185	5	indie	35	Clarinet, Piano, Sing	seven/eight years	18	16	15	15	16	15	15	5	1	1	4	1	1	1	1	4	5	1	1	1	1	3	5	4	1	1	1	1	1	1	1	5	5	4	1	1	1	1	1	6	1	4	1	1	4	1	4	1	1	5	1	1	1	3	3	4	5	3	1	1	4	1	1	1	3	5	1	1	3	1	1	3	4	1	1	3	1	1	1	1	4	5	4	1	5	1	1	1	4	3	1	1	4	5	1	1	4	1	1	1	4	1	1	1	5
2019-06-02 15:38:04	2019-06-02 15:50:54	0	86.166.69.135	100	770	1	2019-06-02 15:50:56	R_vPiNWmFoXJXYfWF					54.1082000732421875	-5.8997039794921875	anonymous	EN-GB	1	24	3	185	1	Appalachian Folk	35	Slide guitar	0	16	17	15	15	16	15	15	5	5	1	3	1	5	1	1	1	5	1	1	1	1	3	6	3	1	1	1	1	1	1	1	3	4	6	1	1	1	1	1	5	1	1	1	1	4	1	1	3	1	1	1	3	1	1	4	3	4	5	1	1	1	4	1	1	1	5	1	1	1	1	3	3	3	1	1	4	1	1	1	1	4	1	5	1	4	1	1	5	5	3	1	1	4	4	1	1	1	1	1	1	6	1	1	1	5
2019-06-02 18:39:53	2019-06-02 18:53:08	0	129.234.0.18	100	794	1	2019-06-02 18:53:09	R_2XdkFShUl9Hh0Q4					54.768402099609375	-1.5630950927734375	anonymous	EN-GB	1	19	2	36	3	"rock, pop, jazz, classical, sometimes experimental "	35	piano, fluet (almost all kinds of traditional chinese wind instruments), guitar, ukulele	8 years	16	17	16	15	15	15	15	6	5	1	1	4	3	1	1	1	6	1	1	5	5	3	5	4	1	1	5	1	1	1	1	5	6	5	4	3	1	1	6	5	4	3	1	1	3	3	5	3	3	4	3	3	5	5	4	5	6	5	1	1	4	1	1	1	1	6	1	1	6	6	5	5	4	3	4	1	1	4	1	1	5	6	4	4	3	1	1	5	6	4	3	1	3	4	3	4	6	4	1	1	4	1	1	5	5
2019-06-03 08:15:29	2019-06-03 08:28:06	0	129.234.0.19	100	757	1	2019-06-03 08:28:06	R_DtTIGRKY1L3HvUt					54.768402099609375	-1.5630950927734375	anonymous	EN-GB	1	27	2	168	2	Pop	35	Violin	11	18	17	15	15	15	16	15	6	5	1	1	1	5	1	1	1	6	1	1	4	4	1	5	3	1	1	4	1	1	1	1	3	1	3	3	1	1	3	3	3	3	6	1	1	3	1	1	1	1	5	1	1	3	4	4	3	6	3	1	3	3	5	1	1	1	5	1	1	4	6	3	3	1	1	1	6	1	3	1	1	5	4	5	1	5	1	1	3	4	5	3	1	1	4	1	1	4	1	1	1	4	1	1	5	6
2019-06-07 10:58:25	2019-06-07 11:19:00	0	129.234.0.28	100	1234	1	2019-06-07 11:19:01	R_Rr7uB0Z1ljxyNSF					54.768402099609375	-1.5630950927734375	anonymous	EN-GB	1	20	2	185	2	Pop	36			18	16	15	16	17	16	15	6	4	1	3	4	1	1	1	1	5	1	1	1	5	4	4	4	1	3	1	1	3	1	1	5	5	6	3	4	1	1	6	6	4	5	1	1	1	4	5	1	4	5	1	3	3	4	1	6	6	1	1	4	4	1	1	1	1	6	1	1	3	5	3	3	1	1	3	1	1	5	1	1	5	6	5	4	4	1	1	5	6	4	1	1	1	4	1	4	1	3	1	1	4	3	4	3	5
2019-06-07 11:19:49	2019-06-07 11:48:41	0	129.234.16.144	100	1731	1	2019-06-07 11:48:43	R_3lr8pTFjC9QdyIK					54.768402099609375	-1.5630950927734375	anonymous	EN-GB	1	23	2	65	3	folk, pop	35	violin, singing, guitar	11, 0, 2	18	16	15	16	15	19	15	6	4	1	3	1	3	1	1	1	6	1	1	1	3	3	6	4	1	1	3	1	1	1	3	6	5	4	1	1	1	1	6	6	4	3	1	1	1	4	6	1	3	3	1	3	1	3	1	6	6	5	3	1	1	4	1	1	1	6	1	1	3	4	1	4	6	1	1	5	1	1	1	1	3	6	3	3	3	1	1	6	5	3	1	3	5	6	1	1	1	1	1	1	6	1	4	3	5
2019-06-07 11:59:34	2019-06-07 12:09:25	0	129.234.0.29	100	590	1	2019-06-07 12:09:25	R_1LkuLTaXcZOYRxj					54.768402099609375	-1.5630950927734375	anonymous	EN-GB	1	19	1	185	1	Indie/Folk	35	2	2	18	17	15	15	16	15	15	5	4	1	1	3	1	1	1	3	5	1	1	1	1	3	5	4	1	1	1	1	4	1	1	4	6	5	1	1	1	1	4	3	5	4	1	1	3	3	4	4	1	4	3	3	3	1	3	4	5	3	1	1	3	1	1	1	1	5	1	1	1	1	1	3	4	1	1	1	1	1	1	1	5	3	6	1	3	1	1	4	3	4	1	1	4	5	1	1	3	1	1	1	4	1	1	3	5
2019-06-07 12:11:00	2019-06-07 12:51:58	0	129.234.0.27	100	2457	1	2019-06-07 12:51:58	R_elDUYvMQTAweNZ7					54.768402099609375	-1.5630950927734375	anonymous	EN-GB	1	20	2	185	1	Indie pop music	36			18	15	15	15	16	15	16	4	1	1	1	5	3	1	1	1	6	1	1	1	1	1	6	3	1	1	1	1	1	1	1	5	5	4	1	1	1	1	1	4	3	5	1	1	4	4	1	3	3	1	1	4	1	3	1	4	5	3	1	1	1	1	1	1	1	6	1	1	1	1	1	5	3	1	1	1	1	1	1	1	1	6	1	1	1	1	1	1	6	1	4	1	1	5	1	1	1	3	1	1	6	1	1	1	1
2019-06-07 14:19:13	2019-06-07 14:28:46	0	129.234.104.155	100	573	1	2019-06-07 14:28:47	R_2b1Y09VS33qOihv					54.768402099609375	-1.5630950927734375	anonymous	EN-GB	1	48	2	185	2	Rock	36			19	17	15	15	15	15	15	6	4	1	1	1	1	1	1	3	6	1	1	3	1	3	5	5	1	1	1	1	1	1	1	6	1	5	1	1	1	1	5	3	5	1	3	1	1	3	5	5	1	1	1	1	3	3	4	1	6	4	1	1	1	1	1	1	3	6	1	1	1	3	3	5	3	1	1	1	1	1	1	1	5	3	1	1	3	1	1	4	3	5	1	1	3	5	1	1	1	1	3	1	4	3	1	1	3
2019-06-07 14:19:19	2019-06-07 14:29:46	0	87.102.3.5	100	627	1	2019-06-07 14:29:47	R_0ilTDH4QnDQcFwZ					53.7606048583984375	-0.3733978271484375	anonymous	EN-GB	1	66	1	185	2	classical/pop	35	guitar	1	17	18	16	15	15	15	15	5	5	1	1	3	1	1	1	1	6	1	1	4	5	3	4	3	1	1	1	1	3	1	3	6	6	4	5	3	1	1	5	6	5	6	1	1	4	4	5	4	5	3	4	4	4	3	1	5	6	3	1	3	3	1	1	1	1	6	1	1	5	5	5	4	3	1	1	1	1	1	1	1	5	6	5	5	5	1	1	4	4	4	4	3	4	5	1	1	1	4	1	1	4	4	3	4	5
2019-06-07 14:21:14	2019-06-07 14:35:35	0	129.234.199.51	100	860	1	2019-06-07 14:35:35	R_295JG2U23108wCz					54.768402099609375	-1.5630950927734375	anonymous	EN-GB	1	26	2	185	1	80s	35	saxophone	6	18	17	16	15	16	15	15	5	3	1	3	3	1	1	1	1	6	1	1	1	4	3	4	3	1	1	1	1	1	1	1	5	3	4	5	3	1	1	1	5	3	3	3	1	1	3	4	3	4	3	3	1	3	4	3	5	5	3	1	1	4	1	1	1	1	4	1	1	1	4	1	3	3	1	3	4	1	1	1	1	4	4	4	3	4	1	3	1	5	1	4	3	1	4	1	3	1	4	1	1	5	1	1	1	4
2019-06-07 14:35:57	2019-06-07 14:47:22	0	129.234.145.109	100	685	1	2019-06-07 14:47:23	R_2ZWiKzYRkOhHAG7					54.768402099609375	-1.5630950927734375	anonymous	EN-GB	1	42	2	185	2	pop	35	choir	none	16	16	15	15	16	15	15	6	5	1	1	3	4	1	1	1	5	3	1	4	4	1	5	4	1	1	3	1	3	1	1	4	4	6	5	3	1	1	5	5	5	6	3	1	1	4	3	6	5	1	1	1	3	3	5	5	6	3	1	1	1	4	1	1	1	5	1	1	5	6	5	3	1	1	3	3	1	4	1	1	4	6	4	4	3	1	1	3	4	5	5	1	3	5	3	1	6	4	1	1	4	3	3	5	6
2019-06-07 14:44:03	2019-06-07 14:54:38	0	129.234.49.48	100	634	1	2019-06-07 14:54:39	R_3KpWHzsX3GgVqpS					54.768402099609375	-1.5630950927734375	anonymous	EN-GB	1	23	2	185	4	Indie folk/pop	35	Piano; singing; guitar	16	18	16	15	16	15	18	15	6	4	1	1	1	1	1	1	3	6	1	1	1	3	4	5	4	1	1	3	3	1	1	1	5	3	5	3	3	1	1	4	5	1	3	1	1	6	3	1	5	1	3	1	1	3	4	1	5	6	1	1	1	1	1	1	1	1	5	1	1	3	1	1	1	1	1	1	3	1	1	1	1	4	1	6	3	1	1	1	1	6	3	1	1	5	3	1	1	4	1	1	1	4	1	1	5	1
2019-06-07 14:57:30	2019-06-07 15:09:21	0	129.234.0.63	100	711	1	2019-06-07 15:09:23	R_1mgEsZtgJNu5pGW					54.768402099609375	-1.5630950927734375	anonymous	EN-GB	1	36	2	57	2	Rock/pop	36			18	17	15	15	15	16	16	6	5	1	1	3	4	1	1	1	5	1	1	4	6	3	6	4	1	1	3	1	3	1	1	6	5	5	4	1	1	1	5	6	3	6	1	1	5	1	1	6	4	1	1	4	1	1	3	6	6	4	1	1	3	3	1	1	1	5	1	1	4	6	1	5	6	1	1	3	3	3	1	1	4	5	4	3	3	1	1	3	4	5	6	1	1	5	1	1	6	5	1	1	5	1	1	5	6
2019-06-07 16:52:54	2019-06-07 17:28:49	0	86.138.139.254	100	2154	1	2019-06-07 17:28:51	R_1IAkgKn4DgIJ8HF					53.9575958251953125	-1.08270263671875	anonymous	EN-GB	1	19	1	185	2	Rock	36			19	17	16	16	15	15	15	6	4	1	1	3	1	4	1	3	6	1	1	1	1	5	6	4	1	1	1	1	4	1	1	6	3	4	3	1	1	3	5	5	4	6	3	1	5	1	5	1	3	3	3	1	4	3	5	3	6	5	1	3	1	1	1	1	4	6	1	1	3	1	5	6	5	1	1	1	1	3	1	1	4	6	1	5	4	1	1	3	6	1	5	3	5	4	1	1	4	1	1	1	5	1	1	5	3
2019-06-07 18:49:30	2019-06-07 19:05:30	0	86.10.165.63	100	960	1	2019-06-07 19:05:32	R_3oNPLoi0a6fa5jg					55.00469970703125	-1.4727935791015625	anonymous	EN-GB	1	50	2	185	2	Eclectic	36			15	17	15	15	15	15	15	5	4	1	1	1	1	1	1	1	6	1	1	1	4	3	5	3	1	1	1	1	1	1	1	3	3	5	1	1	1	1	4	6	4	5	1	1	1	3	4	3	6	1	1	1	3	3	4	3	6	4	1	1	1	4	1	1	1	5	1	1	3	4	3	3	1	1	3	1	3	1	1	1	4	5	5	3	3	1	1	4	5	4	1	1	1	4	1	1	1	3	1	1	5	1	1	3	3
2019-06-07 20:10:59	2019-06-07 20:26:45	0	86.170.88.215	100	946	1	2019-06-07 20:26:46	R_2mIbcGZLvN7bsYN					54.768402099609375	-1.5630950927734375	anonymous	EN-GB	1	22	2	101	3	Pop	35	Organ	15	18	15	15	15	17	16	15	6	3	1	1	4	3	1	1	1	4	3	1	1	1	4	6	3	1	3	1	1	3	1	1	6	4	5	4	1	1	1	5	5	4	6	3	1	1	3	3	1	4	5	3	1	4	5	4	6	6	3	1	3	4	5	1	1	1	5	1	1	3	1	3	4	3	1	1	6	1	3	1	1	5	6	3	5	4	1	1	3	6	5	1	3	3	4	1	1	3	1	1	1	6	1	1	4	3
2019-06-07 23:41:30	2019-06-07 23:50:15	0	129.234.0.21	100	524	1	2019-06-07 23:50:17	R_22VJYrYly7f30LU					54.768402099609375	-1.5630950927734375	anonymous	EN-GB	1	23	2	36	2	rnb	35	sing piano	2	17	16	15	15	16	15	15	5	3	1	1	1	3	1	1	1	4	1	1	4	4	5	5	1	1	1	3	1	1	1	1	5	5	4	1	1	1	1	1	3	3	1	1	1	1	4	4	4	1	4	1	3	1	1	4	1	5	1	1	1	1	4	1	1	1	6	1	1	5	4	4	3	3	1	1	3	1	4	1	1	4	4	4	4	4	1	1	4	4	4	1	1	3	5	1	1	6	4	1	1	4	4	1	4	1
2019-06-07 23:41:59	2019-06-07 23:57:20	0	129.234.0.26	100	921	1	2019-06-07 23:57:23	R_3J41mEvJ1hLCpJ9					54.768402099609375	-1.5630950927734375	anonymous	EN-GB	1	25	2	172	3	pop	35	piano, flute, and singing	5	19	16	15	15	16	15	15	6	3	1	1	3	1	1	1	1	5	1	1	4	4	1	6	5	1	1	1	1	4	1	1	4	6	5	5	1	1	1	5	6	6	5	1	1	4	4	1	6	4	6	1	3	3	3	4	6	6	1	1	1	3	1	1	1	1	6	1	1	5	4	1	5	5	1	1	1	1	4	1	1	3	6	1	3	5	1	1	1	6	1	1	1	5	6	1	1	1	3	1	1	6	1	1	4	5
2019-06-08 15:44:45	2019-06-08 15:57:30	0	92.10.53.69	100	765	1	2019-06-08 15:57:32	R_zVfnmt3sSu0bYBj					54.768402099609375	-1.5630950927734375	anonymous	EN-GB	1	37	2	185	2	Pop	36			19	18	15	15	15	15	15	6	3	1	1	1	1	1	1	1	6	1	1	1	1	1	6	1	1	1	1	1	1	1	1	3	5	3	1	1	1	1	1	5	1	4	1	1	1	3	3	3	5	1	1	3	1	1	1	6	1	3	1	1	1	6	1	1	1	6	1	1	1	1	3	6	1	1	1	1	1	1	1	1	1	3	1	4	3	1	1	3	6	1	3	1	1	6	1	1	1	1	1	1	6	1	1	1	1
2019-06-08 19:30:39	2019-06-08 19:40:02	0	129.234.0.18	100	562	1	2019-06-08 19:40:02	R_31SD9J7kuCfV0tn					54.768402099609375	-1.5630950927734375	anonymous	EN-GB	1	21	2	185	2	"pop rock "	36			19	18	15	15	18	19	15	6	6	1	1	1	5	1	1	3	6	3	3	4	5	5	5	5	3	3	5	1	4	1	3	4	5	5	5	3	1	1	4	5	6	5	1	1	5	4	3	5	5	5	5	3	3	4	4	5	5	4	1	3	1	4	1	1	1	5	1	1	4	4	4	5	3	1	3	3	4	1	1	1	5	4	5	5	3	1	1	5	5	6	5	4	4	4	5	5	4	5	3	1	4	1	5	5	5
2019-06-09 08:14:00	2019-06-09 08:29:52	0	213.205.241.220	100	951	1	2019-06-09 08:29:52	R_2Y9yzBJFkFATabq					55.9467926025390625	-3.9904937744140625	anonymous	EN-GB	1	62	2	185	2	Blues	36			17	17	15	15	15	15	15	6	3	1	1	3	1	1	1	1	6	1	1	1	3	4	4	3	1	1	1	1	1	1	1	6	3	5	1	1	1	5	3	4	1	3	1	1	6	3	1	5	5	4	1	1	1	1	3	1	4	5	1	1	1	1	1	1	1	6	1	1	3	4	3	5	3	1	1	1	1	1	1	1	3	6	1	3	1	1	3	4	4	4	5	1	3	5	1	1	1	3	1	1	4	3	3	3	5
2019-06-09 09:03:45	2019-06-09 11:05:13	0	51.9.231.72	100	7287	1	2019-06-09 11:05:13	R_2Ui9Zc4rqSOpY8G					54.768402099609375	-1.5630950927734375	anonymous	EN-GB	1	20	2	185	2	Pop-rock	35	Trumpet	5	19	15	15	16	15	15	15	6	4	1	1	1	1	1	1	4	6	1	1	1	3	1	6	5	1	1	1	1	1	1	1	6	1	5	1	1	1	1	5	3	3	1	1	1	1	3	4	1	3	4	1	1	1	1	1	4	6	4	1	1	1	1	1	1	1	5	1	1	3	3	1	5	4	1	1	3	1	1	1	1	4	5	3	1	1	1	1	3	5	1	5	1	3	4	1	1	1	3	1	1	4	1	1	3	4
2019-06-07 12:28:21	2019-06-09 15:15:35	0	31.205.43.106	100	182834	1	2019-06-09 15:15:35	R_2s0HdIBmvCCBg5l					54.768402099609375	-1.5630950927734375	anonymous	EN-GB	1	20	2	78	3	New age	36			18	16	16	15	17	17	15	6	3	3	3	3	4	3	1	3	4	1	1	1	3	3	4	3	1	1	3	1	3	1	1	1	4	4	5	3	1	1	3	4	5	4	1	1	1	4	4	4	5	4	1	1	1	1	3	6	5	4	1	1	4	3	3	1	1	4	3	1	4	3	3	4	5	1	1	5	1	3	1	1	4	6	4	4	4	1	1	4	4	3	4	3	4	4	1	3	4	4	1	1	6	1	1	6	4
2019-06-09 15:28:34	2019-06-09 15:44:11	0	188.212.123.167	100	937	1	2019-06-09 15:44:12	R_2aFbUOlupuj6CAR					51.471893310546875	-0.1616058349609375	anonymous	EN-GB	1	51	2	185	4	Classical (this looked like a dropdown box but had no options)	35	Recorders, piano, guitar, percussion, flute, voice	12	19	18	15	15	15	15	15	5	4	1	1	1	1	1	1	1	6	1	1	1	1	4	6	4	1	1	1	1	3	1	1	1	4	1	1	1	1	3	3	1	4	3	1	3	4	1	3	1	3	3	4	4	1	1	1	4	5	5	1	1	1	1	1	1	4	5	1	1	1	4	5	5	1	1	1	1	1	1	1	1	1	4	1	1	1	1	1	1	3	1	3	4	3	1	1	3	1	1	1	1	5	1	1	1	5
2019-05-10 12:23:52	2019-05-10 14:56:02	0	185.12.136.196	37	9130	0	2019-06-10 12:24:32	R_rkJWgQrnejQbBpT							anonymous	EN-GB	1	26	2	107	1	Classical	36																																																																																																											
2019-05-10 15:43:24	2019-05-10 15:47:12	0	5.151.95.102	52	227	0	2019-06-10 15:43:35	R_O2pOxwLRYHjWNtn							anonymous	EN-GB	1	20	1	185	4	Classical or jazz	35	Piano	12	18	16	15	15	16	16	15																																																																																					3	4	4	3	1	3	3							
2019-05-10 15:47:23	2019-05-10 15:49:26	0	129.234.0.26	41	123	0	2019-06-10 15:47:24	R_WxnItkOvMLsHhBv							anonymous	EN-GB	1	21	2	185	5	Pop	35	Piano, guitar and voice	15																																																																																																									
2019-06-10 15:41:03	2019-06-10 15:50:45	0	51.6.45.188	100	581	1	2019-06-10 15:50:45	R_3ke32xsPR1RWuaq					54.768402099609375	-1.5630950927734375	anonymous	EN-GB	1	41	2	185	1	Indie	36			18	16	15	15	15	15	15	5	3	1	1	3	1	1	1	1	6	1	1	4	1	1	4	4	1	1	3	1	1	1	1	5	3	5	3	1	1	1	5	5	5	5	3	1	1	4	1	5	3	1	1	5	1	1	4	3	5	3	1	1	3	1	1	1	1	6	1	1	4	1	1	4	3	1	1	3	1	3	1	1	3	5	5	3	1	1	1	1	5	4	3	1	1	4	1	1	3	1	1	1	5	1	1	4	4
2019-06-10 19:05:18	2019-06-10 19:27:43	0	37.219.117.179	100	1344	1	2019-06-10 19:27:43	R_2YWUU1EsZHttQGg					60.171905517578125	24.9346923828125	anonymous	EN-GB	1	52	2	60	6	Western art music	35	Violin, voice, piano, viola	44	17	19	15	15	15	15	15	6	5	1	1	1	1	1	1	1	4	1	1	6	3	3	6	4	1	1	1	1	3	1	1	4	6	4	3	3	1	1	4	6	4	3	3	1	1	3	6	4	3	4	3	1	1	3	4	6	6	5	1	1	1	1	1	1	1	4	1	1	6	4	3	6	4	1	1	1	1	3	1	1	4	6	4	3	6	3	3	3	3	4	3	1	1	4	1	1	6	4	1	1	4	1	1	5	6
2019-05-10 19:44:32	2019-05-10 19:45:47	0	129.234.0.25	37	74	0	2019-06-10 19:44:38	R_1OovRu3MHbG3Uhb							anonymous	EN-GB	1	24	2	36	2	Classic and kpop	35	"Piano and guitar "	5																																																																																																									
2019-05-11 06:10:00	2019-05-11 06:15:39	0	78.133.35.24	41	339	0	2019-06-11 06:10:33	R_3sijuFSeo97B1zx							anonymous	EN-GB	1	58	2	107	1	"Classic "	36																																																																																																											
2019-06-11 10:18:27	2019-06-11 10:29:25	0	129.234.0.28	100	657	1	2019-06-11 10:29:26	R_30ioqPHxJx3vBlg					54.768402099609375	-1.5630950927734375	anonymous	EN-GB	1	32	2	185	1	"Pop punk "	36			17	16	16	15	15	15	15	6	1	1	3	1	1	1	1	1	6	1	1	1	1	1	5	3	1	1	1	1	1	1	1	4	4	3	1	1	1	1	4	3	3	3	1	1	1	3	3	3	1	1	1	3	1	1	1	3	3	3	1	3	1	1	1	1	1	5	1	1	1	3	3	3	1	1	1	1	1	1	1	1	4	4	3	3	1	1	1	1	3	1	1	1	1	1	1	1	1	1	1	1	5	1	1	3	1
2019-05-11 16:37:50	2019-05-11 16:38:24	0	92.251.111.62	4	34	0	2019-06-11 16:37:53	R_Do74ziL96GTH4Pv							anonymous	EN-GB	1																																																																																																																	
2019-06-07 14:59:25	2019-06-11 16:50:30	0	90.216.72.196	100	352265	1	2019-06-11 16:50:30	R_2axYR5K6gYpsVEE					54.899993896484375	-1.516693115234375	anonymous	EN-GB	1	30	2	185	4	Alternative	35	Singing	8-10years	19	16	15	15	15	16	15	6	3	1	1	3	1	1	1	1	6	1	1	1	1	3	5	1	1	1	1	1	1	1	1	4	4	5	1	1	1	1	4	3	4	4	1	1	1	3	1	3	4	1	1	1	1	1	1	3	3	1	1	1	3	5	1	1	1	6	1	1	1	1	3	4	1	1	3	4	1	1	1	3	1	3	5	1	1	1	1	4	5	4	1	1	1	3	1	1	1	1	1	1	4	1	1	3	3
2019-05-11 19:52:54	2019-05-11 20:06:36	0	213.165.184.213	41	822	0	2019-06-11 19:53:30	R_2f3eaQV46D39CA0							anonymous	EN-GB	1	61	2	107	2	Romantic	36																																																																																																											
2019-05-11 20:06:02	2019-05-11 20:06:23	0	129.234.0.24	4	20	0	2019-06-11 20:06:19	R_2Y9ugY1zpRP07sE							anonymous	EN-GB	1																																																																																																																	
2019-06-07 15:04:49	2019-06-13 09:16:18	0	86.177.255.121	100	497489	1	2019-06-13 09:16:20	R_2tKYKbI7opMwKtW					54.768402099609375	-1.5630950927734375	anonymous	EN-GB	1	29	2	185	2	Indie/Alternative	36			17	16	15	15	15	16	15	5	4	1	3	1	1	1	1	3	6	1	1	1	3	4	3	4	1	1	1	3	4	1	1	4	4	4	4	1	1	3	5	3	4	4	1	1	4	4	3	4	3	4	3	1	1	3	1	4	5	4	1	1	3	1	1	1	1	5	1	3	1	4	4	4	3	1	1	3	1	3	1	1	4	3	5	1	4	3	1	3	4	3	1	3	3	4	1	1	4	1	3	1	5	1	1	4	3
2019-05-13 11:30:16	2019-05-13 11:30:26	0	1.47.195.172	4	10	0	2019-06-13 11:30:17	R_3saADlDS1GAmbtL							anonymous	EN-GB	1																																																																																																																	
2019-05-14 23:38:02	2019-05-14 23:40:42	0	46.11.175.69	41	160	0	2019-06-14 23:38:10	R_8rlZFsoecGqTvC9							anonymous	EN-GB	1	62	2	107	3	"Italian music "	36																																																																																																											
2019-06-19 21:14:48	2019-06-19 21:29:33	0	81.153.121.180	100	884	1	2019-06-19 21:29:34	R_3hiuF3NStFHruk8					54.768402099609375	-1.5630950927734375	anonymous	EN-GB	1	65	2	185	5	Classical	35	Piano	50	18	16	15	15	15	15	15	4	3	1	1	1	1	1	1	1	5	1	1	3	1	1	5	5	1	1	1	1	3	1	1	4	5	4	1	3	1	1	3	3	3	1	1	1	1	1	3	4	5	4	1	1	1	1	1	4	5	1	1	1	1	3	1	1	1	5	1	1	1	4	1	5	3	1	1	1	1	3	1	1	1	4	3	1	3	1	1	1	1	5	1	1	1	3	1	1	1	4	1	1	5	1	1	3	5
2019-06-20 16:19:10	2019-06-20 16:29:58	0	195.147.142.95	100	648	1	2019-06-20 16:29:59	R_sMeA85N7W9zwGrv					51.49639892578125	-0.122406005859375	anonymous	EN-GB	1	21	2	185	2	Pop	36			18	17	15	15	16	16	15	6	4	1	1	3	3	1	1	3	6	1	1	1	3	4	5	4	1	1	1	1	3	1	1	6	5	5	3	1	1	3	4	5	4	5	3	1	3	4	4	5	4	4	3	4	3	3	4	4	5	4	1	1	3	3	1	1	3	5	1	1	3	3	5	4	3	1	1	3	3	1	3	1	4	5	5	4	5	1	1	4	5	5	1	3	4	4	1	1	1	3	1	1	3	3	1	4	5
2019-06-21 15:07:52	2019-06-21 15:34:19	0	129.234.0.1	100	1586	1	2019-06-21 15:34:20	R_1LuReMJElS9I7WB					54.768402099609375	-1.5630950927734375	anonymous	EN-GB	1	35	2	84	1	Folk, rock, alternative	35	-99	-99	17	18	16	15	15	15	15	5	5	1	1	1	1	1	1	1	5	1	1	1	4	3	5	4	1	1	1	1	1	1	1	5	5	5	4	1	1	3	5	6	4	5	1	1	3	4	3	4	4	3	3	3	3	1	3	5	5	3	1	1	3	4	1	1	1	5	1	1	4	5	3	5	3	1	1	4	1	1	1	1	4	6	4	3	4	3	1	3	5	1	3	3	1	4	3	1	3	4	1	1	5	1	1	4	4
2019-05-22 06:27:25	2019-05-22 06:30:21	0	46.11.133.46	41	175	0	2019-06-22 06:28:01	R_21cxE5AC2jzDxPb							anonymous	EN-GB	1	27	2	107	4	Commercial	35	Piano	12																																																																																																									
2019-05-23 20:58:32	2019-05-23 21:20:06	0	46.11.34.108	96	1293	0	2019-06-23 20:58:33	R_zcoVko3n1JlGfkJ							anonymous	EN-GB	1	38	2	107	2	Soft rock	36			16	16	15	16	15	15	15	6	3	1	1	1	1	1	1	1	6	1	1	1	1	1	6	3	1	1	1	1	1	1	1	6	1	1	1	1	1	1	4	1	4	1	1	1	1	5	1	3	1	1	1	3	1	1	1	5	4	3	1	1	3	1	1	1	1	6	1	1	3	1	1	3	4	1	1	1	3	1	1	1	3	1	5	1	1	1	1	3	3	3	1	1	3	3	1	1	4	1							
2019-05-23 21:06:38	2019-05-23 21:07:11	0	85.232.203.233	4	33	0	2019-06-23 21:06:48	R_01HBe9fa0XdRlOF							anonymous	EN-GB	1																																																																																																																	
2019-05-23 21:18:21	2019-05-23 21:28:42	0	78.133.12.74	48	621	0	2019-06-23 21:18:42	R_2frM3pckUdGXYAV							anonymous	EN-GB	1	49	2	107	1	Pop	36			17	15	15	15	15	15	15																																																																																																		
2019-05-24 06:18:25	2019-05-24 06:27:04	0	217.30.100.196	63	518	0	2019-06-24 06:36:49	R_2ePCO21Ckt9ibR2							anonymous	EN-GB	1	38	2	107	2	Country, rock, classical, I enjoy all music depending on the mood	36			19	18	15	15	15	15	15	3	3	1	1	1	1	1															1	1	4	1	1	1	1																													1	4	6	1	1	1	1								1	1	1	1	4	1	4																					
2019-05-24 12:54:59	2019-05-24 12:58:26	0	212.65.116.22	41	206	0	2019-06-24 12:55:18	R_2fqfhfScTbGpvhv							anonymous	EN-GB	1	62	2	107	1	Ballads	36																																																																																																											
2019-05-26 14:33:09	2019-05-26 14:44:50	0	46.11.29.16	74	701	0	2019-06-26 14:33:27	R_umrMohnWManPA9b							anonymous	EN-GB	1	15	1	107	6	Classical	35	Piano, Clarinet and Bass Clarinet	9	19	19	15	15	17	15	15								1	1	6	1	1	4	1	5	6	3	1	1	1	1								1	1	5	6	6	6	5	1	1	5	3	1	5	4																						4	3	3	1	1	1	1	1	1	5	6	6	4	3	5	3	3	4	3	3	1														
2019-06-28 02:42:40	2019-06-28 03:00:59	0	101.181.72.21	100	1099	1	2019-06-28 03:01:02	R_1qahnollGElxZkq					-37.89739990234375	144.744384765625	anonymous	EN-GB	1	60	1	9	3	Classical (Late Renaissance, Baroque, Classical, Romantic)	35	Piano	9	17	18	16	15	15	15	15	6	4	1	1	1	1	1	1	1	6	1	1	1	4	3	5	4	1	1	1	1	1	1	1	5	3	4	3	1	1	1	6	5	3	3	1	1	5	3	1	1	4	1	1	4	1	1	1	6	6	4	1	1	1	1	1	1	1	6	1	1	1	3	3	3	4	1	1	1	3	1	1	1	4	6	4	3	1	1	1	3	6	3	3	1	1	5	1	1	1	4	1	1	6	1	1	1	4
2019-05-31 13:08:26	2019-05-31 13:10:23	0	92.21.120.22	41	116	0	2019-07-01 13:08:41	R_3j3xzb9vFfo8fXK							anonymous	EN-GB	1	20	1	185	4	Jazz	35	Drums	16																																																																																																									
2019-05-31 13:37:30	2019-05-31 13:45:49	0	129.234.0.26	4	499	0	2019-07-01 13:37:34	R_1mFrGVaYmk45kyf							anonymous	EN-GB	1																																																																																																																	
2019-05-31 14:22:28	2019-05-31 14:31:31	0	176.227.133.32	70	542	0	2019-07-01 14:22:31	R_ugOsS25XEyFutJD							anonymous	EN-GB	1	21	2	185	3	Classical	35	Singing, Piano	8	19	18	15	16	16	15	16	6	3	1	4	4	1	1																													1	1	1	5	4	3	1	4	1	1	3	3	3	5								1	1	6	1	1	4	3	1	5	5	1	1	3	3	1	1	1	4	6	1	1																					
2019-05-31 14:28:27	2019-05-31 14:50:35	0	128.86.177.98	52	1328	0	2019-07-01 14:28:39	R_1HSWiN4j0Vp94Up							anonymous	EN-GB	1	19	2	156	2	Pop, instrumental	35	Guitar	4	18	19	16	15	16	16	15																																																																														3	1	1	3	5	4	5														
2019-06-01 16:06:44	2019-06-01 16:07:57	0	129.234.0.26	4	72	0	2019-07-01 16:07:08	R_tM4ski9N8kGamjv							anonymous	EN-GB	1																																																																																																																	
2019-06-02 17:36:43	2019-06-02 17:37:17	0	86.188.252.50	4	34	0	2019-07-02 17:36:54	R_2P84566eKnH3Kf8							anonymous	EN-GB	1																																																																																																																	
2019-06-07 11:07:30	2019-06-07 11:18:13	0	129.234.0.27	70	643	0	2019-07-07 11:08:20	R_2thWCPv3Qyxx3iI							anonymous	EN-GB	1	19	1	185	1	Alternative	36			19	16	15	17	18	16	15	6	4	1	1	1	1	3																						3	1	1	5	1	5	4	1	1	3	3	4	6	3								6	3	1	3	4	1	1	1	3	4	1	1	3	4	3	4	5	1	1	4	3																												
2019-06-07 14:46:39	2019-06-07 15:39:45	0	79.70.155.117	52	3186	0	2019-07-07 14:46:46	R_1KyaDNwXp49UtL6							anonymous	EN-GB	1	36	2	42	3	Rock, Pop, Folk	35	I sing in choirs.	3	18	19	15	15	15	15	15																																				1	1	6	1	1	5	4																																																								
2019-06-07 14:54:02	2019-06-07 14:56:03	0	86.180.251.218	41	120	0	2019-07-07 14:54:18	R_3Gd30O9bbdsmv1f							anonymous	EN-GB	1	47	2	185	2	"80’s & 90’s music "	36																																																																																																											
2019-06-07 18:45:10	2019-06-07 18:48:22	0	129.234.0.16	4	191	0	2019-07-07 18:45:42	R_31mGLf98mg8cILh							anonymous	EN-GB	1																																																																																																																	
2019-06-10 09:30:02	2019-06-10 10:39:13	0	129.234.103.147	4	4151	0	2019-07-10 09:30:13	R_3PmJK3cJ7poweAa							anonymous	EN-GB	1																																																																																																																	
2019-07-11 15:01:58	2019-07-11 15:16:44	0	129.234.0.70	100	886	1	2019-07-11 15:16:46	R_1N4CmiQwyfLOYJD					54.768402099609375	-1.5630950927734375	anonymous	EN-GB	1	50	2	65	2	"Folk, Pop, Classical, "	36			19	18	15	15	16	15	15	5	6	1	1	1	1	1	1	1	6	1	1	1	1	1	5	6	1	1	1	1	1	1	1	6	1	5	1	1	1	1	6	1	4	1	1	1	1	6	4	4	1	4	1	1	4	3	4	1	6	5	1	1	1	1	1	1	1	6	1	1	1	1	1	5	6	1	1	1	1	1	1	1	4	4	6	1	1	1	1	5	6	1	1	1	4	6	1	1	1	1	1	1	6	1	1	1	1
